{"target": 0.2342107766040392, "params": {"alpha": 0.7390441426189945, "epochs": 43.58540579197548, "num_factors": 50.69325524471134, "reg": 4.874312446539656}}