{"target": 0.18211760259033524, "params": {"alpha": 0.08228410520589183, "l1_ratio": 2.7319880077167894e-05, "topK": 526.357696362927}}