{"target": 0.17351102764801862, "params": {"alpha": 0.07706408849201826, "l1_ratio": 0.0003245363418031065, "topK": 501.81728321215553}}