{"target": 0.24871754533951956, "params": {"alpha": 0.29554103930874137, "topK": 570.2102295616605}}