{"target": 0.27509424227273377, "params": {"alpha": 0.1425827721358377, "beta": 0.9558521919002307}}