{"target": 0.24930553911038705, "params": {"alpha": 0.4966955091225945, "beta": 0.21114100089423782}}