{"target": 0.2906049935800815, "params": {"alpha": 0.16115285930157153, "topK": 524.9285577442362}}