{"target": 0.22279526576302153, "params": {"alpha": 0.6481627715453979, "beta": 0.4870075599959749, "topK": 190.33333365932376}}