{"target": 0.22406911470374435, "params": {"alpha": 0.7718223336771766, "beta": 0.5375685111310673, "topK": 167.27758470128256}}