{"target": 0.02973610853945057, "params": {"alpha": 0.8382090432727223, "beta": 0.3384843860322295}}