{"target": 0.29134741063287384, "params": {"alpha": 0.8481117477716246, "beta": 0.34145203215269804}}