{"target": 0.24983594670093331, "params": {"alpha": 0.8257646978659972, "beta": 0.271877679621908, "gamma": 0.2321636664081369}}